{
    "vol": 3.8052319996764465,
    "E_average": 118415.61366804827
}