{
    "vol": 0.8763970021500165,
    "E_average": 130252.70226199726
}