{
    "vol": 1.7312402582943627,
    "E_average": 129118.40295825587
}