{
    "vol": 0.4029563309866345,
    "E_average": 117690.73696341846
}