{
    "vol": 0.603302318486884,
    "E_average": 209999.99999999965
}