{
    "vol": 1.4009771904508748,
    "E_average": 209999.99999999953
}