{
    "vol": 1.5682830532496486,
    "E_average": 128972.77600686873
}