{
    "vol": 2.402333420037288,
    "E_average": 128578.39303954018
}