{
    "vol": 0.17788857967429383,
    "E_average": 121795.9770451813
}