{
    "vol": 0.6033023184868826,
    "E_average": 119175.79896507444
}