{
    "vol": 3.3330594600060786,
    "E_average": 122914.5451796019
}