{
    "vol": 1.1666040891423974,
    "E_average": 132651.40800911983
}