{
    "vol": 0.8763970021500165,
    "E_average": 130252.7022619977
}