{
    "vol": 1.4009771904508748,
    "E_average": 128865.35341052721
}