{
    "vol": 2.222446926896085,
    "E_average": 129409.00939104825
}