{
    "vol": 3.173341929304825,
    "E_average": 122299.27261024933
}