{
    "vol": 2.811987206230004,
    "E_average": 126041.28445133055
}