{
    "vol": 1.4118210504265163,
    "E_average": 209999.99999999988
}