{
    "vol": 1.5700560043488707,
    "E_average": 209999.99999999994
}