{
    "vol": 0.10523603380746241,
    "E_average": 154154.81574204692
}