{
    "vol": 0.5976613965744404,
    "E_average": 209999.99999999965
}