{
    "vol": 0.200808590960106,
    "E_average": 182409.53234713478
}