{
    "vol": 2.397746243739578,
    "E_average": 129999.9999999993
}