{
    "vol": 2.060871654778164,
    "E_average": 129299.66482349005
}