{
    "vol": 2.811987206230004,
    "E_average": 126041.2844513299
}