{
    "vol": 0.720432972945535,
    "E_average": 128882.27603456329
}