{
    "vol": 2.582395213820455,
    "E_average": 126466.44432073986
}