{
    "vol": 1.067852437417654,
    "E_average": 126838.64528130737
}