{
    "vol": 1.9040553531673736,
    "E_average": 129274.32046505446
}