{
    "vol": 3.5833122661542967,
    "E_average": 130000.00000000055
}