{
    "vol": 1.9945319932794825,
    "E_average": 130000.00000000064
}