{
    "vol": 1.5999282205549998,
    "E_average": 130000.00000000015
}