{
    "vol": 2.6018184541874936,
    "E_average": 129999.99999999937
}