{
    "vol": 2.9822212444876044,
    "E_average": 129999.99999999978
}