{
    "vol": 3.395927026448231,
    "E_average": 129999.9999999999
}