{
    "vol": 3.961069655514108,
    "E_average": 129999.99999999975
}