{
    "vol": 0.200808590960106,
    "E_average": 210000.00000000012
}