{
    "vol": 1.7015599160033734,
    "E_average": 210000.00000000073
}