{
    "vol": 0.10523603380746241,
    "E_average": 209999.9999999999
}