{
    "vol": 0.7034117681109098,
    "E_average": 210000.00000000006
}