{
    "vol": 0.867382061145981,
    "E_average": 210000.00000000017
}