{
    "vol": 1.2408642461788282,
    "E_average": 210000.00000000035
}