{
    "vol": 1.9743860021637822,
    "E_average": 209999.9999999997
}