{
    "vol": 0.39583016090553824,
    "E_average": 209999.99999999965
}