{
    "vol": 1.0946670714430269,
    "E_average": 210000.00000000055
}