{
    "vol": 1.4510635392644744,
    "E_average": 209999.99999999936
}