{
    "vol": 1.8835609785952265,
    "E_average": 210000.00000000012
}