{
    "vol": 1.0182643758143146,
    "E_average": 209999.9999999992
}