{
    "vol": 0.8198802792104221,
    "E_average": 209999.9999999998
}