{
    "vol": 1.7775432298513496,
    "E_average": 210000.0000000006
}