{
    "vol": 0.49408492556082967,
    "E_average": 209999.99999999977
}