{
    "vol": 0.2956452104942039,
    "E_average": 209999.99999999994
}