{
    "vol": 1.4678039334691684,
    "E_average": 209999.99999999988
}