{
    "vol": 1.005740132246156,
    "E_average": 129999.99999999991
}