{
    "vol": 0.6029972544234281,
    "E_average": 130000.00000000007
}