{
    "vol": 3.1898838194207464,
    "E_average": 129999.99999999939
}