{
    "vol": 1.1947653795479876,
    "E_average": 130000.00000000023
}