{
    "vol": 1.7968465276371757,
    "E_average": 130000.00000000026
}