{
    "vol": 1.4065515088741403,
    "E_average": 130000.00000000009
}