{
    "vol": 0.40259922456892183,
    "E_average": 129999.99999999994
}