{
    "vol": 3.7679182499388046,
    "E_average": 129999.99999999924
}