{
    "vol": 2.8059908816346586,
    "E_average": 129999.99999999988
}