{
    "vol": 0.2041202844774273,
    "E_average": 130000.00000000009
}