{
    "vol": 0.8050733465306339,
    "E_average": 130000.00000000007
}