{
    "vol": 2.196784557781819,
    "E_average": 130000.00000000035
}